"id","name"
1,"Skala Entertainment"
2,"Flicksync"
3,"SN Mobile Technology"
4,"Chestnut Team"
5,"SQYD.studio"
6,"Susewind Games"
7,"Husky-Leaf Studios"
8,"AlgoX Interactive Ltd."
9,"Contortionist Games"
10,"Procrastination Games"
11,"Hoffnung Haydn"
12,"Skelecrew Games"
13,"Spoon"
14,"Block By Block Publishing, LLC"
15,"Insanity Studios LLC"
16,"Lazurite Games"
17,"Jon Kuntz"
18,"Simon Fredholm"
19,"‰∏ÄÂ∞æ66"
20,"Timeless Games"
21,"Aellyn Studios"
22,"Skyward Digital"
23,"91Act"
24,"NOG Studio"
25,"Warumiyo"
26,"CHARON"
27,"Glimmer Collection"
28,"Yorakeys"
29," Cockroach Studio"
30,"My Next Games"
31,"AA Games"
32,"Jordan Hurley"
33,"ZoOgame"
34,"ÁôΩÊó•Ê¢¶"
35,"YoHokki"
36,"Dhia Sendi"
37,"VR Junkies"
38,"AmadeoxH"
39,"Omniconnection"
40,"Stereo7 Games"
41,"TitanStrike Games"
42,"Saluie Studios LLC"
43,"Hestios"
44,"TOYBOX Inc."
45,"Daniel James"
46,"Dragon3DInteractive"
47,"ÌõÑÎã§Îã≠ ÏπòÌÇ®Ïßë"
48,"SMB CLUB"
49,"Joshua Krauchi"
50,"NoSense Games"
51,"CFG Studios"
52,"TTK"
53,"Andres Garcia"
54,"WhisperGames"
55,"Alice Nowak"
56,"Jumbo Mana"
57,"Miniced"
58,"Playable Pictures"
59,"Hamster Game Studio"
60,"Â∑¶ÂÆóÊ£†"
61,"BlackChiliGoat Studio"
62,"Nerlaska Studios"
63,"OnlyStuff"
64,"Pentamorph"
65,"unbeGames"
66,"YFL STUDIO"
67,"May May Interactive"
68,"Poppy Payne"
69,"Dockside Games"
70,"Play.io"
71,"Hayden Fisher"
72,"Savepoint Studio"
73,"Sigma Games"
74,"TechLemon Ltd"
75,"Jamie D/Uk_Resistant"
76,"SmallSqurriel"
77,"Corvus Studio Yazilim Anonim Sirketi"
78,"daiCreative"
79,"Feelcraft Games"
80,"souvenir circ."
81,"Maxim Soloha"
82,"ÊóßÂ™í‰ªã Old Media Art"
83,"BMUTED"
84,"Dymchick1"
85,"azeemba"
86,"Orbifold Software"
87,"Greeb"
88,"Matthew Prater"
89,"MS Games and Software UG"
90,"Azmio"
91,"Jagonz"
92,"Scary Beasties"
93,"Zachary Losier"
94,"Lowraiz Games"
95,"Arm and Leg Studios"
96,"ImagiT Games"
97,"Hilda"
98,"JianBingGaming"
99,"jhoshitarou"
100,"Prisym Games"
101,"VR Triber"
102,"Dank Mememachine"
103,"BlackMark Studio"
104,"Hugo Felipe"
105,"Gato de Franja"
106,"Ambiera"
107,"Milneh"
108,"Ironworks Games"
109,"[Ad Space Reserved]"
110,"Rascal Devworks"
111,"Sergio Matsumoto"
112,"WeSoloAZ"
113,"Yesbox Studios"
114,"divisivesoftware"
115,"Demetri Lind"
116,"Zane Games"
117,"Grizzbera Studio"
118,"Ondresh"
119,"Joel D."
120,"Last Token"
121,"games.Sharbit"
122,"Sharkbomb Studios"
123,"Cyphen Productions"
124,"Arthur Leplae"
125,"An Lieu"
126,"Medieval Snail"
127,"Cleversan Software"
128,"Moback"
129,"BecomeANobody"
130,"Smol Bean Games"
131,"3D Talo"
132,"Shanghai huan zhen Info Tech Ltd"
133,"Jack Holt"
134,"Time Break Studios"
135,"Artyom Gudkov"
136,"Red bean Taiyaki"
137,"Happy Sphinx Studios"
138,"Obsidian Entertainment, Inc."
139,"Fabian.L"
140,"Ask An Enemy Studios"
141,"battle fire studio"
142,"Frank DiCola"
143,"Adamsauce"
144,"Pgame"
145,"OleNi Games"
146,"Ojozgames"
147,"FIREHIVE Games"
148,"Crumana"
149,"800 North"
150,"Heyn Online Group UG & Co. KG"
151,"Blood Pact Studios"
152,"Culture Industries"
153,"ÊÖïÂÆπÂÖÉÂ§ú"
154,"SanForge Studio"
155,"MagicIndie"
156,"Meister"
157,"Glowfrog Games"
158,"Protosprite"
159,"MrDoth"
160,"Milkstone Studios"
161,"Brytenwalda"
162,"Bryan Fu"
163,"Hunex"
164,"KANEGON GAMES"
165,"BYKING Inc."
166,"Clockstone"
167,"Gratitude Games"
168,"MaoKep"
169,"Crimsoncream"
170,"Michael Prymus"
171,"Snowyowl Studio"
172,"Anthony Septim"
173,"Âßã‰∫éÁ©∫006(SYK006)"
174,"Molleindustria"
175,"Roslin Studios"
176,"Rita Torres"
177,"Foamy Brew Productions"
178,"Jesse Sultan"
179,"Doodle Donut"
180,"Genesz"
181,"Momentous Games"
182,"Scream Vault"
183,"Kitsune's Secrets"
184,"Out of Bounds Playground"
185,"Engine Software BV"
186,"Go Around Games"
187,"Olivette Noa"
188,"ùìõùìÆùîÅùîÇ"
189,"Olivier PIERRE"
190,"Hydroflame"
191,"Patchwork Games"
192,"Wojciech Malinowski"
193,"Li Hui"
194,"KizmetNV"
195,"Napoleon Games"
196,"DP Atelier"
197,"Doomasher Games Studio"
198,"Â£±ÂØù"
199,"Matic"
200,"A Frog's Pond"
201,"MARL"
202,"Digital Masquerade"
203,"ÊãõÊëáÊ∏∏ÊàèÂ∑•‰ΩúÂÆ§"
204,"Nathaniel Peter –Øentrow"
205,"Ê∏∫ÂÖî"
206,"Toydea Inc."
207,"Sam Grant"
208,"The Alekon Company"
209,"Jiruo Software"
210,"LynchHead"
211,"Binogure Studio üê∫"
212,"Niji Games"
213,"Marcipu"
214,"Wild Mountains Games"
215,"TwoTone Studio"
216,"Surf Monster Studio"
217,"Dinoworldgames"
218,"Lumidia Games"
219,"Crane 51"
220,"Logical Extremes"
221,"Ayden ""NINGEN"" Walters"
222,"Caleb Gannon"
223,"Dan Violet Sagmiller"
224,"QUIET TOWN STUDIO‚Ñ¢"
225,"Asuka Watanabe"
226,"Taryn McMillan"
227,"zhongjiayi"
228,"Split Rock Games"
229,"Liam Healey"
230,"Malte Glade"
231,"Hypnos Team"
232,"zelun"
233,"Gamerz Gamez LLC"
234,"YNOT"
235,"Guarida Games Studio SL"
236,"3DCHADDD"
237,"Talpel Games"
238,"Asylum Corporation"
239,"Rose21"
240,"Gibbous Pig Games"
241,"RichardBosnak"
242,"Red Axe Games"
243,"Jake Welch Games"
244,"ElDim"
245,"Cosmo Machia"
246,"Cushy Studio"
247,"–≠–º–∏–ª—å –®–∞–≥–∞–ø–æ–≤"
248,"MERGEN GAMES"
249,"Welcome to Paradise studio"
250,"Worldgame entertainement"
251,"polydv"
252,"StoryForge Games"
253,"Retrace Gaming"
254,"Esben Jon Jensen"
255,"Rob Lang"
256,"Tongsun"
257,"Delabs Inc"
258,"Abu Al Hassan Qasim"
259,"Beetruth"
260,"Smartbig Corportion"
261,"danzibr"
262,"Blizer"
263,"lekCurts Studio"
264,"GenuImitation"
265,"Hyperculture Studios"
266,"The Storymakers"
267,"Minerva Game Studio"
268,"Dochungryest"
269,"myJeanDev"
270,"ÈäÄÊ≤≥Á≥ª„Çπ„Çø„Ç∏„Ç™"
271,"Neko Entertainment"
272,"Spydersoft"
273,"Creed Games"
274,"Phoenix Game Productions"
275,"Galaxy Pest Control"
276,"Robogames"
277,"zjf"
278,"Not Friendly Games"
279,"Tosakia"
280,"The Breach Studios"
281,"Kajosoft"
282,"Tiny Nomads AB"
283,"Stonewake Studios"
284,"Acultproye"
285,"Huochairen Interactive Entertainment"
286,"Lukas Paul, Gabriel Mittermair"
287,"Niket Patel"
288,"Neatly Production"
289,"Avidar"
290,"N-Alt Lab"
291,"Sagas Studios"
292,"Dion ten Have"
293,"Orion Belt Games"
294,"ZanyCat"
295,"Wayway Inc"
296,"GABRIEL RODRIGUES"
297,"DoppaGames"
298,"Flop"
299,"Renamilanesi"
300,"Anthony Gatturna"
301,"Xavier Moiny"
302,"Cold Beam Games"
303,"MANGO ANIME"
304,"Andrew Willman"
305,"Meter Burn Games"
306,"Her Interactive"
307,"Olie Games"
308,"Intelitech"
309,"Pipera Games"
310,"Luis Felipe Pimenta"
311,"Destiny.Games"
312,"Bikini Bottom"
313,"Artem Breineng"
314,"Big Nuts"
315,"Hittable Studio"
316,"Polar Bunny Ltd"
317,"Idea Binding Lab"
318,"Theory Georgiou"
319,"TheNilusss"
320,"morus.pro"
321,"Pixel Dynamite"
322,"Nirmita Dreams"
323,"Nyanghulu"
324,"Aidan Waite"
325,"Kyle Lautenbach"
326,"StrandGames"
6348,"TF"
327,"Tuji Game"
328,"Alexis Ruiz"
329,"MsGlobal"
330,"Goo In Hee"
331,"Kalla Audioworks"
332,"Itsmyshow!"
333,"Ben Shattock"
334,"undownsidable"
335,"RXINC Corp."
336,"Opia Pirc."
337,"Igrek Games"
338,"Realm Lands"
339,"Rokay Games"
340,"Funny Tales"
341,"Kenshin Game Studio"
342,"NipponMilf VR Productions"
343,"Vasiok GGG"
344,"Virtual Rabbit Studio"
345,"Digital Entertainment"
346,"Cutthroat Games"
347,"CalmDV"
348,"ÂêÉÈ≤∏Ê∏∏ÊàèHungerWhale"
349,"StarAura"
350,"Simnetic Game"
351,"Visual Light"
352,"Borderline Studios"
353,"First Penguin"
354,"Diego Garcia"
355,"Julia Nguyen"
356,"Poison The Inkwell"
357,"Crimson Mantis Interactive"
358,"VISIONKEEPER Studio"
359,"Whalesong"
360,"Max Oakland"
361,"Omni Digital Technologies Ltd."
362,"Octopus Engine"
363,"Tyler Goodman"
364,"okeyplaystudio"
365,"FadyGames"
366,"Tomato Sunrise Films"
367,"Mid Development"
368,"Vector Game"
369,"Lampeye"
370,"MoussyCat"
371,"AigoiA"
372,"ÂèÅÈ¨ºÂ∑•‰ΩúÂÆ§"
373,"KIMI's Project"
374,"MINTROCKET"
375,"One Hand Studio"
376,"1TK Games"
377,"RAJACORP"
378,"Null Reference Studio"
379,"Joyful Jo"
380,"Peter Hann"
381,"TEAPOT Creation"
382,"SHB soft"
383,"Lame Jam"
384,"That Crazy Game Studio"
385,"„Åõ„Å§„Çâ"
386,"Erow.Dev"
387,"Pothos"
388,"Formirai Co., Ltd."
389,"Mischievous Mayhem"
390,"Fibrum Limited"
391,"Polish Hacker"
392,"Teutonic Games"
393,"ChockTree"
394,"Umbral Studios"
395,"Silver Ink Studios"
396,"Scinacz"
397,"Old Town Entertainment"
398,"leo waters"
399,"Naga Studio"
400,"Primordial Muse"
401,"Graffiti"
402,"Igor Krutov"
403,"Team Super Panda"
404,"humbledbag"
405,"FujiCubeSoft"
406,"Sikor"
407,"Vlad Abadzhiev"
408,"Kaskuja Studio"
409,"Bilzivar"
410,"Micah Koleoso Software"
411,"Phantom Zero"
412,"CuckTale games"
413,"Marian Studios"
414,"GIANTY Inc."
415,"Therris Studios"
416,"BlueRaccoon Games"
417,"Danilo Nishimura"
418,"D20Studios"
419,"Giant Head"
420,"RawDarkness"
421,"Arvis Games"
422,"Yohan VILLIERS"
423,"‚ñ≥‚óã‚ñ°√ó (Miwashiba)"
424,"ÈÄºÂõâÂïµÂõâÈÄº"
425,"Abhilasha Rohi"
426,"dasNaddyGames"
427,"Dakoda Brattan"
428,"Sudaka Games"
429,"Victor Birlian"
430,"Ornhammer Games UG"
431,"peropero"
432,"iScoot, LLC"
433,"Kody Stone"
434,"JIB Games"
435,"Moonlight Games"
436,"Constanta Games"
437,"Boxbot Games"
438,"Strange Spaces"
439,"AlienX"
440,"171st Street Games"
441,"Jomjak"
442,"Hazardous Software"
443,"Harry Cooper"
444,"Laela Russell"
445,"Acrylic Pixel"
446,"Hydro Games"
447,"Aqueous"
448,"Repa Games"
449,"Rodrigo Piedras"
450,"Mr.Poet"
451,"ÁãÇÁÜ±Â∑•‰ΩúÂÆ§ÔºàFrenzy Zone WorkshopÔºâ"
452,"JohnnyNeverWalked"
453,"David Pateti"
454,"Magic Game Art"
455,"Mikko Noroj√§rvi"
456,"YULU GAMES"
457,"The Dead Pixel Society, LLC"
458,"AMGames TC"
459,"VR Kemono"
460,"Violet W-P"
461,"Flat City Games"
462,"Axelgraphicworks"
463,"Paradice Software"
464,"NanoFastFly"
465,"Purple Sloth Studio"
466,"Mohagged"
467,"Altf4 Game Studio"
468,"Sn√∂Box Studio"
469,"Hoodee"
470,"Quartus Games"
471,"Goricina Productions"
472,"Campus ADN 2015-2016"
473,"Tead"
474,"Pixel Wrappers"
475,"Mouse Pointer Engine Team"
476,"Hungry Trolls"
477,"SeaApes"
478,"Daefiant Armory GS"
479,"Mathieu LEBRUN"
480,"SRX Gameworks"
481,"Angry.1"
482,"Pete Karesisto"
483,"ozora"
484,"UMO STUDIO"
485,"Chill Dragon Games"
486,"ÂàùÂøÉËÄÖÂ∑•‰ΩúÂÆ§"
487,"Sirius Sam"
488,"Hicept Games"
489,"Pregnant"
490,"Qu1etDev"
7327,"CDB"
491,"Jaime Scribbles Games"
492,"WeMakeApp Studio"
493,"Kenneth Pestka"
494,"Slightly Esoteric Studios"
495,"uwu lab"
496,"almostgames"
497,"Inflamed Games"
498,"MasterMoes"
499,"J&M Games"
500,"Ridac"
501,"Sometimes, Ltd."
502,"4More Games"
503,"HK Xinghai Innovation Tech International Co., Limited"
504,"Gixer Entertainment"
505,"Not Yet"
506,"Mathis Leblanc"
507,"emptysquare"
508,"frozenen"
509,"ÂÖ´ÂêçÊú®Games"
510,"ÂÖâÈ¢Ø„Ç≤„Éº„É†Â∑•Êàø"
511,"DrElliot"
512,"TukoGames"
513,"Simon Prefontaine"
514,"Choice Provisions"
515,"Capturedleek27"
516,"VIOLET"
517,"Glenn Main"
518,"Undev Games"
519,"Robert Briscoe"
520,"Stromb Interactive"
521,"RewdanSprites"
522,"Bloingo Games"
523,"Potato"
524,"Escape Raft Software"
525,"Jurassic Sunset Games"
526,"BARON DU JUV√âNILE"
527,"Nexus Labs"
528,"Okomotive"
529,"Nerd Monkeys¬Æ"
530,"Bubrrec Entertainment"
531,"Ervya Studios"
532,"Kevin McConnell"
533,"Lupse Sergiu"
534,"All The Loot"
535,"Keaton Applebaum"
536,"Silky‚Äôs Plus Alpha"
537,"Lacydigital"
538,"Zejoant"
539,"Ellelel"
540,"Louis Byers"
541,"Yasmin Alansari"
542,"VRSpec Team"
543,"Sludj Games"
544,"Katana Cat Studios"
545,"Waiting For Neko"
546,"starlit studio"
547,"Fireround"
548,"Maps2XPlane"
549,"DevFatigued"
550,"Chaotic Banana"
551,"Symbol Door"
552,"Wowee"
553,"Nick Serebryanik"
554,"Jos√© Manuel Conesa Hern√°ndez"
555,"ÁæΩÂÆáÂÜ∞Êô®"
556,"Ë∂ÖÁ∫ßÂ§ßÂèëÂñµ"
557,"CyancookGames"
558,"ODDCORP"
559,"Callback"
560,"House Izezweth"
561,"Naughty Squirrels"
562,"Two Wild and Crazy"
563,"Numae Games"
564,"Russell Ruffolo"
565,"Pocket Trap"
566,"Sin(Time)"
567,"Jon Nielsen"
568,"ËµµÁíüÈí∞"
569,"Jacob Janerka"
570,"Gladpark inc."
571,"Parent-Teacher Guide to Paleontology"
572,"ChronoJuvenile"
573,"Natural Records Studios INC."
574,"Monolith Productions"
575,"PastPulse Games"
576,"Mantaray161"
577,"taro"
578,"Lamina Studios"
579,"StainlessHeart"
580,"AI IN Motion"
581,"NR, utd."
582,"Amaranth Games, LLC"
583,"the_noni_games"
584,"Digital Ballista"
585,"Oz33 Lab"
586,"Wanderingmask"
587,"Ëµ§Êúà„ÇÅ„ÅÜ"
588,"Zelenov Artem"
589,"Wave Atlas Interactive"
590,"VNG CORP"
591,"Fist Production"
592,"Floris Leenman"
593,"Wandering Spirit Games"
594,"Filippo Ceffa"
595,"Delirium Software"
596,"Ben Strijbos"
597,"Regnum Noctis"
598,"Desultisoft"
599,"Shenzhen Weilaishijie Network Technology Co., Ltd."
600,"Kevin Kim"
601,"Azzunyan"
602,"Samuel Reel"
603,"NovaStar"
604,"BlackClothGames"
605,"Bitlexia"
606,"Leandro Gabriel"
607,"ÈòøÂú∞"
608,"XRON Software"
609,"Scry Business Intelligence Ltd"
610,"Rolebound Games"
611,"STUDIO C-illy_B"
612,"ÈòøËêå"
613,"Nir Blu"
614,"Duviz"
615,"2OO2"
616,"Self Destruct Films"
617,"Updog Software"
618,"Team SNEED"
619,"TOMO GAME CREATE"
620,"Èò≥Â∑ÖÁñØÂ∑•‰ΩúÂÆ§"
621,"Letters Developer"
622,"Cyanide Tea"
623,"Yim Sang Woo"
624,"Cameron Darragh"
625,"Lonestone Studio"
626,"Elena Baltaretu"
627,"r1kGAMES"
628,"NonKipple Games"
629,"KappieStudios"
630,"Nathan Boler"
631,"Araf Interactive"
632,"Binarystudio 54"
633,"Tips Gaming"
634,"aurora abyss"
635,"Devin P. Quinn"
636,"Domain Master"
637,"Ambling Alpaca Studio"
638,"Horsefly Games"
639,"Connor Laux"
640,"9900Studio"
641,"Shelter Studios"
642,"VN House"
643,"Cosmic Spud"
644,"You Cannot Defend"
645,"Twilght"
646,"CRX Entertainment Pte Ltd"
647,"False Games LLC"
648,"Greg Kaufman"
649,"Lavaworks"
650,"Over One Studio"
651,"Muharukahana Studio"
652,"Neva Cross"
653,"Whyknot Studio"
654,"OlivierJT"
655,"Chui"
656,"Lee Williams"
657,"Fixation Games"
658,"WhaleFood Games"
659,"Jippo Media"
660,"Simon Rydberg"
661,"Compass-Game-Studio"
662,"The Atomic LIfe"
663,"VR Game Studios"
664,"Garret Polk"
665,"Studio Sasta"
666,"HeneGames"
667,"EngineerKappa"
668,"MercurySteam"
669,"UMO Studio"
670,"Soulpotion"
671,"Purple Brick Games"
672,"ËÄÅÂÖ¨‰Ω†ËØ¥Âè•ËØùÂïä"
673,"Isaiah Toth"
674,"LPT Games"
675,"Snotwurm"
676,"Grey Gods Studio"
677,"Ben Chen"
678,"PurePortal"
679,"Ellie Heikens"
680,"CGMasters.net"
681,"PixelCraft"
682,"Bethuel K. Okelo"
683,"Dern Lin"
684,"softvar"
685,"Adham Jaber"
686,"The Owl Prophecy"
687,"ANDREI MURASHKEVICH"
688,"Yerawizard LLC"
689,"Sketchbook Games"
690,"NIMROD LLC"
691,"Miyoshi Shizuka"
692,"Mysia Games"
693,"MishiCat"
694,"Nanalli"
695,"Kamil Rams"
696,"Curtel Games"
697,"Ali Khan"
698,"Frost Moon Games"
699,"Monster Labs"
700,"Ressentiment"
701,"SQUIX Games"
702,"OcarinaGames"
703,"Why Knot Studio, Red Dunes Games"
704,"SystemSoft Alpha Cooperation"
705,"Miles Zimmer - Producer"
706,"Kasa On"
707,"Slicemouth Studios"
708,"A1ex Ng"
709,"Tryton"
710,"Hui-Yu Lien"
711,"Sezione 1"
712,"Autremelon"
713,"QubaVR"
714,"GCHohrow"
715,"Ahlman Game Studio"
716,"Rhinovate Bili≈üim"
717,"Starry Mines"
718,"SkullSocket Studios"
719,"Adam Lee Schmidt"
720,"Bytes of Learning"
721,"Amelia Fletcher"
722,"Tristan Elmore"
723,"Marcelo Eduardo Cabral"
724,"Akop Karapetyan"
725,"LittleLeaf Games"
726,"Torbellino Games"
727,"Kaue Luchetta"
728,"Cosmix"
729,"gemRV"
730,"The Selenite Forge"
731,"Realm Architect"
732,"Profilm"
733,"Flying Hound Studio"
734,"Anarchy Enterprises"
735,"r4kujin"
736,"Midnight Quill Studios"
737,"Bismuth Tales"
738,"CrazyCell Game"
739,"Quarzo Aplicaciones y Juegos SL"
740,"Èí∞ÊùÄËûçÁ•ûËÆ∞‰ΩúËÄÖ"
741,"Twisted Arts"
742,"Aidan K"
743,"Abhi Sundu"
744,"Ass works"
745,"WEST SUN"
746,"Daemon Cat"
747,"Studio Grawlix"
748,"Kalponic Studio"
749,"EURO GAMES STUDIO"
750,"Caius Worthen"
751,"Ê†™Âºè‰ºöÁ§æ„Éí„É•„Éº„Ç¨„ÄÄHUGA Inc."
752,"Harald Wiestner - farbWERK"
753,"Coquibyte Games"
754,"Altered Games"
755,"AncientSky Games"
756,"Arrow Games"
757,"SaboteurGame"
758,"Hookaria Games"
759,"Games By Thomas"
760,"Team HighWay"
761,"Studio Schmudio"
762,"David AE"
763,"Art in Heart"
764,"VLADIMIR GUSSAKOV"
765,"Wojciech Zawadzki"
766,"Dragon Paint Games"
767,"Reactvts"
768,"Gamebell Studio"
769,"SPokDev"
770,"Raining Glass Studios"
771,"GreenSnow"
772,"Dark Jay Studio"
773,"TT Games Ltd"
774,"Yahya Danboos"
775,"MadskillzVR"
776,"Splinterback"
777,"Alex Groff"
778,"Ultimate Penalty"
779,"Shiromofu Factory"
780,"Brave Giant"
781,"Sombrero Labs"
782,"Pontus Karlsson"
783,"OpenXcell Studio"
784,"Frima Studio Inc."
785,"KG Game Studuo"
786,"Spanking Machine"
787,"Qualice Corporation"
788,"Borzon Studios"
789,"LawManÁΩëÁªú"
790,"MoonDreams Studio"
791,"MIRTEK"
792,"Dragon House Game Studio"
793,"Anima Locus"
794,"David Kaleta"
795,"Peach Party"
796,"Dojo Games"
797,"AIR FORGE GAMES L.L.C."
798,"BWI Games"
799,"New++"
800,"re_ki"
801,"Fire Hose Games"
802,"Deva"
803,"Blazing Soft"
804,"FXLS"
805,"Alcalico"
806,"‰∏äÊµ∑È≠î‰πãÈõ®ÁΩëÁªúÁßëÊäÄÊúâÈôêÂÖ¨Âè∏"
807,"KAIGEN"
808,"Yejun"
809,"Fruits of Yggdrasil Studio"
810,"James Bradbury"
811,"Deer Flip Games"
812,"Raum Digital Studio"
813,"Gecco Studio Games"
814,"stealth.gg"
815,"Veral Studios"
816,"Ââë‰ªôÂ∑•‰ΩúÂÆ§"
817,"SuperChicken Productions LLC"
818,"Pixel Team RED"
819,"Sloth Planet Games"
820,"Aton Games"
821,"Legacy Epic"
822,"Connor Grail"
823,"Zen Studios"
824,"MineLucky"
825,"Krystian Majewski"
826,"A Salmon Game"
827,"DeepFatSnail Studio"
828,"Rose Twoan"
829,"Hoboayoyo"
830,"WJLEGAME"
831,"Vivid Horizon Games"
832,"JustusGames"
833,"Andy Games"
834,"PutUpthumb"
835,"Toppeepop"
836,"Wonderful Days"
837,"WnMStudio"
838,"Bleeding Pixels Games"
839,"Samle Indie Studio"
840,"MAMMOSSIX Co.,Ltd."
841,"Hero's Dawn Inc"
842,"DwebGames"
843,"Andrew Thomas"
844,"Pine Street Codeworks LLC"
845,"MagroPlay"
846,"ThatNerdPunk Games"
847,"Jackson Gill"
848,"Flip It"
849,"aze3dou"
850,"TheFifthWaffle"
851,"O. and Co. Games"
852,"deruta"
853,"Repose:Games"
854,"Bulkhead Studios Corporation"
855,"Solitaire.io"
856,"Roll Mops Interactive"
857,"Off Leash Entertainment"
858,"Pedro Fagundes"
859,"Rafal Grabos"
860,"Revulo Games"
861,"Jason"
862,"Dark Citadel"
863,"Montenegro Gaming"
864,"Galactic Forge Games"
865,"Okami Studio"
866,"LionsArt"
867,"Allaith Hammed ""ZAX""‚Äã"
868,"Bundem Games"
869,"Deezl"
870,"Aetherllama"
871,"Similitude"
872,"Daniel Davies"
873,"Grey Havens, LLC"
874,"Parallel Universe DE HK Ltd."
875,"dengdeng123ni"
876,"Orc Group"
877,"Strategy Game Studio"
878,"Lars ""Juksefantomet"" Grav"
879,"Bowlcut Studios"
880,"cv006_64"
881,"LayTale Studios"
882,"Tzar Games Studio"
883,"ThreeByFour Games"
884,"Torress Studios"
885,"Striked GmbH"
886,"Motoda Media"
887,"HogarthDreams"
888,"QuietPenguinGaming"
889,"Vogster Entertainment"
890,"SkorpionEros"
891,"C5A"
892,"Koksny.com"
893,"Jellypig Games"
894,"Uiop Xever"
895,"Cozy corner"
896,"Powerhoof"
897,"ColorfulMaxtrix"
898,"Dino Island Adventure"
899,"È£ûÈ∏ü"
900,"Lorena Lopez"
901,"Iridium Studios"
902,"Boc Dev"
903,"Reimagine Media"
904,"First Rodeo Games"
905,"Benedict Ide"
906,"Tokisan Games"
907,"Crazy-Sports"
908,"DontCheckStudio"
909,"Angel Dev"
910,"Superkami"
911,"Fernando Reyes"
912,"Vertigo Gaming Inc."
913,"VHornet Games"
914,"ChaoYe Liu"
915,"Plus Ultra Builds"
916,"BP Systems"
917,"Dawnwing House"
918,"Kutsunasi"
919,"Artnroll Games"
920,"522 Studios"
921,"mod.kitchen"
922,"Elya Richi"
923,"Megamini009"
924,"CodenameXenon"
925,"Âº†ÂÜ∞Â¢®"
926,"nohost"
927,"Sergey Marchenko"
928,"David Armstrong"
929,"Madness Men"
930,"Great Lakes Reality Labs"
931,"Systemic Games"
932,"MiL_Puzzle"
933,"Hard Ton"
934,"Sean Adair Entertainment"
935,"fridgeBaron Games"
936,"Luke Palmer"
937,"Electrovore"
938,"Hermes Games"
939,"Smoki Tanuki Games"
940,"BulbIdeas"
941,"Toxic Toads games"
942,"Michael Allen Cooley"
943,"PinCool"
944,"1917 Studios"
945,"Denisiss"
946,"Viron Games"
947,"Body Mind Games"
948,"Jurgen Hoogeboom"
949,"Freedomize Studio"
950,"Raven Travel Studios"
951,"David Thiago"
952,"ÊüöÂéüÂ†Ç"
953,"Summer Tree Fort Games"
954,"Legend Has It"
955,"Lone Artisan Games"
956,"Zatun"
957,"EllGames, LLC"
958,"bland man studios"
959,"Anselmo Noriega"
960,"ISY"
961,"NGUY·ªÑN MINH H√ôNG"
962,"Xgarius Games"
963,"lazyturtle"
964,"Aikasa Collective"
965,"Raiun Games"
966,"NINO"
967,"DVoid"
968,"Vortex Buffer"
969,"Nosleepcreepsgames"
970,"Martin Beckelhymer"
971,"Zach Jagoda"
972,"Monster Box Studios"
973,"Garawell Games"
974,"Team Carambola"
975,"ÂÄîÂº∫ÁâõÁâõ"
976,"Mad Labyrinth Studios"
977,"Cecil Kong"
978,"Bottled Games Interactive"
979,"Lucid Egg"
980,"JAD Labs"
981,"Spinware"
982,"Battle Blockyverse Studios"
983,"BacklotRealities"
984,"eugeniy_kh"
985,"Those Awesome Guys"
986,"Ï°∞ÏòàÏßÑ"
987,"David Lawrence"
988,"Zoxide Games"
989,"Laminar Research"
990,"Flow Fire Games"
991,"Wise Wizard Games, LLC"
992,"Gill Games LLC"
993,"Melvin Gijsberts"
994,"Mason Interactive"
995,"SnoozyMonday"
996,"DodoRabbit"
997," Sometimes Farming"
998,"Otherworldly Games"
